<?xml version="1.0" encoding="UTF-8" ?>
<!DOCTYPE mapper
PUBLIC "-//mybatis.org//DTD Mapper 3.0//EN"
"http://mybatis.org/dtd/mybatis-3-mapper.dtd">

<mapper namespace="cn.tw.mapper.AnnouncementMapper">
	<resultMap type="cn.tw.domain.Announcement" id="announcementRM">
		<id property="announcementId" column="ANNOUNCEMENT_ID" />
		<result property="title" column="TITLE" />
		<result property="content" column="CONTENT" />
		<result property="createTime" column="CREATE_TIME" />
	</resultMap>
	
	

	<select id="find" parameterType="map" resultMap="announcementRM">

		select
		announcement_id,title,content
		,DATE_FORMAT(create_time,'YYYY-mm-dd
		hh24:MM:ss')as CREATE_TIME
		from announcement
		where 1=1
		<if test="date!=null">and create_time >= ( now() - #{date,jdbcType=VARCHAR})
		</if>
		<if test='key!="%null%"'>and title like #{key,jdbcType=VARCHAR}</if>
		order by create_time DESC
	</select>

	<select id="findPage" parameterType="cn.tw.pagination.Page" resultMap="announcementRM">
		 SELECT *
           FROM announcement
           where 1=1
           <!-- <if test="params.date!=null">and create_time >= (now()-#{params.date,jdbcType=VARCHAR})</if>  -->  
           <if test='params.key!="%null%"'>and title like #{params.key,jdbcType=VARCHAR} </if>   

		   <!-- select * from announcement where 1=1 -->
	</select>	
	
	<select id="findResultSize" parameterType="cn.tw.pagination.Page" resultType="java.lang.String">
  		   SELECT max(@rownum)
           FROM announcement
           where 1=1
           <!-- <if test="params.date!=null">and create_time >= ( now() - #{params.date,jdbcType=VARCHAR})</if>    -->
           <if test='params.key!="%null%"'>and title like #{params.key,jdbcType=VARCHAR} </if>   
	</select>



	<select id="get" parameterType="string" resultMap="announcementRM">
		SELECT
 		announcement_id,title,content, 	DATE_FORMAT(create_time,'YYYY-mm-dd hh24:MM:ss')as CREATE_TIME
 		FROM announcement
 		where announcement_id = #{announcementId,jdbcType=VARCHAR} 
 	  
	
	</select>
	<insert id="insert" parameterType="cn.tw.domain.Announcement">
		insert into announcement
		(announcement_id,title,content,create_time)
		values
		(#{announcementId,jdbcType=VARCHAR},#{title,jdbcType=VARCHAR},
		#{content,jdbcType=VARCHAR} ,now()
		)
	</insert>
	<update id="update" parameterType="cn.tw.domain.Announcement">
		update announcement
		<set>
			<if test="#{title!=null}">title=#{title,jdbcType=VARCHAR},</if>
			<if test="#{content!=null}">content=#{content,jdbcType=VARCHAR},</if>
			create_time=now()
		</set>
		where announcement_id=#{announcementId,jdbcType=VARCHAR}
	</update>
	<delete id="deleteById" parameterType="string">
		delete from announcement
		where
		announcement_id=#{annoId}
	</delete>
	<delete id="delete" parameterType="string">
		delete from announcement
		where announcement_id in
		<foreach collection="array" item="id" open="(" close=")"
			separator=",">
			#{id}
		</foreach>
	</delete>

</mapper>
