<?xml version="1.0" encoding="UTF-8" ?>
<!DOCTYPE mapper
PUBLIC "-//mybatis.org//DTD Mapper 3.0//EN"
"http://mybatis.org/dtd/mybatis-3-mapper.dtd">

<mapper namespace="cn.tw.mapper.CollegeMapper">
	<resultMap type="cn.tw.domain.College" id="collegeRM">
		<id property="collegeId" column="college_ID" />
		<result property="collegeName" column="college_NAME" />
	</resultMap>

	<select id="find" parameterType="map" resultMap="collegeRM">

		select college_id,college_name
		from college
		where 1=1
	
		order by college_name
	</select>

	<select id="findPage" parameterType="cn.tw.pagination.Page"
		resultMap="collegeRM">


		select college_id,college_name
		from college
		where 1=1
		<if test="params.key!='%null%'">and ( college_name like #{params.key,jdbcType=VARCHAR})
		</if>
		order by college_name

	</select>

	<select id="findResultSize" parameterType="cn.tw.pagination.Page"
		resultType="java.lang.String">
		SELECT max(@rownum)
		FROM college
		where 1=1
		<if test="params.key!='%null%'">and ( college_name like #{params.key,jdbcType=VARCHAR})
		</if>

	</select>



	<select id="get" parameterType="string" resultMap="collegeRM">

		select
		college_id,college_name
		from college
		where 1=1
		and
		college_id=#{collegeId,jdbcType=VARCHAR}
		order by college_name
	</select>
	<insert id="insert" parameterType="cn.tw.domain.College">

		insert into college
		(college_id,college_name)
		values
		(#{collegeId,jdbcType=VARCHAR},#{collegeName,jdbcType=VARCHAR}
		)
	</insert>

	<update id="update" parameterType="cn.tw.domain.College">
		update college
		<set>
			<if test="collegeName!=null">college_name=#{collegeName,jdbcType=VARCHAR},</if>
		</set>
		where college_id=#{collegeId,jdbcType=VARCHAR}
	</update>

	<delete id="deleteById" parameterType="string">
		delete from college
		where
		college_id=#{collegeId}
	</delete>
	<delete id="delete" parameterType="string">
		delete from college
		where college_id in
		<foreach collection="array" item="id" open="(" close=")"
			separator=",">
			#{id}
		</foreach>
	</delete>

</mapper>
