<?xml version="1.0" encoding="UTF-8" ?>
<!DOCTYPE mapper
PUBLIC "-//mybatis.org//DTD Mapper 3.0//EN"
"http://mybatis.org/dtd/mybatis-3-mapper.dtd">

<mapper namespace="cn.tw.mapper.StudentMapper">
	<resultMap type="cn.tw.domain.Student" id="studentRM">
		<id property="studentId" column="STUDENT_ID" />
		<result property="studentName" column="STUDENT_NAME" />
		<result property="studentPassword" column="STUDENT_PASSWORD" />
		<result property="sex" column="SEX" />
		<result property="classId" column="CLASS_ID" />
		<result property="className" column="CLASS_NAME" />
		<result property="status" column="STATUS" />
		<result property="bedroomId" column="BEDROOM_ID" />
		<result property="bedroomName" column="BEDROOM_NAME" />
		<result property="studentNo" column="STUDENT_NO" />
		<result property="grade" column="GRADE" />
		<result property="collegeId" column="COLLEGE_ID" />
		<result property="collegeName" column="COLLEGE_NAME" />
	</resultMap>

	<select id="find" parameterType="map" resultMap="studentRM">
		 select student_id,student_name,student_password,sex,class_id,class_name,status,bedroom_id,bedroom_name,student_no,grade,college_id,college_name
		 from student 
		 where 1=1
            
            <if test="bedroomId!=null"> and bedroom_id=#{bedroomId,jdbcType=VARCHAR}</if>
            
            <if test="classId!=null"> and class_id=#{classId,jdbcType=VARCHAR}</if>
            <if test="collegeId!=null"> and college_id=#{collegeId,jdbcType=VARCHAR}</if>
            
            <if test="status!=null"> and status=#{status,jdbcType=VARCHAR}</if>
            <if test="college !=null"> and college_id=#{college,jdbcType=VARCHAR}</if>
            <if test="grade!=null"> and grade=#{grade,jdbcType=VARCHAR}</if>
            <if test="sex!=null"> and sex=#{sex,jdbcType=VARCHAR}</if>

            <if test="name!=null"> and student_no=#{name,jdbcType=VARCHAR}</if>
            <if test="password!=null"> and student_password=#{password,jdbcType=VARCHAR}</if>

            <if test="key!='%null%'">
            	<if test="key!=null"> 	and student_name like #{key,jdbcType=VARCHAR}</if>
             </if>


		 
		 order by class_name
	</select>

	<select id="findPage" parameterType="cn.tw.pagination.Page" resultMap="studentRM">
	
	
			   
			                    select student_id,student_name,sex,class_id,class_name,student_password,status,bedroom_id,bedroom_name,student_no,grade,college_id,college_name
			                    from student 
			                    where 1=1
								<if test="params.bedroomId!=null"> and bedroom_id=#{params.bedroomId,jdbcType=VARCHAR}</if>
            
									
			                    <if test="params.status!=null"> and status=#{params.status,jdbcType=VARCHAR}</if>
					            <if test="params.college !=null"> and college_id=#{params.college,jdbcType=VARCHAR}</if>
					            <if test="params.grade!=null"> and grade=#{params.grade,jdbcType=VARCHAR}</if>
					            <if test="params.sex!=null"> and sex=#{params.sex,jdbcType=VARCHAR}</if>
					
								                    
			                    
			                    <if test="params.arg!=null"> and class_name=#{params.arg,jdbcType=VARCHAR}</if>
			                    <if test="params.key!='%null%'"> and ( student_name like #{params.key,jdbcType=VARCHAR} 
			                    								or  class_name like #{params.key,jdbcType=VARCHAR}   
			                    								or  student_no like #{params.key,jdbcType=VARCHAR}   
			                    								or bedroom_name like #{params.key,jdbcType=VARCHAR} )</if>
			                    order by class_name
				                 
			                   
	</select>	
	
	<select id="findResultSize" parameterType="cn.tw.pagination.Page" resultType="java.lang.String">
   		   SELECT max(@rownum)
           FROM student
           where 1=1
				<if test="params.bedroomId!=null"> and bedroom_id=#{params.bedroomId,jdbcType=VARCHAR}</if>
				
  		        <if test="params.status!=null"> and status=#{params.status,jdbcType=VARCHAR}</if>
	            <if test="params.college !=null"> and college_id=#{params.college,jdbcType=VARCHAR}</if>
	            <if test="params.grade!=null"> and grade=#{params.grade,jdbcType=VARCHAR}</if>
	            <if test="params.sex!=null"> and sex=#{params.sex,jdbcType=VARCHAR}</if>
		
				<if test="params.name != null">and student_name=#{params.name,jdbcType=VARCHAR}</if>
		      	<if test="params.password != null">and student_password=#{params.password,jdbcType=VARCHAR}</if>
		      
		
			
                  <if test="params.arg!=null"> and arg=#{params.arg,jdbcType=VARCHAR}</if>
                   <if test="params.key!='%null%'"> and ( student_name like #{params.key,jdbcType=VARCHAR} 
                    								or  class_name like #{params.key,jdbcType=VARCHAR}   
                 										or  student_no like #{params.key,jdbcType=VARCHAR}
                    								or bedroom_name like #{params.key,jdbcType=VARCHAR} )</if>
	</select>



	<select id="get" parameterType="String" resultMap="studentRM">
		 select student_id,student_name,sex,class_id,class_name,student_password,status,bedroom_id,bedroom_name,student_no,grade,college_id,college_name
		 from student 
		 where 1=1
		      and student_id=#{studentId,jdbcType=VARCHAR}
		      
	</select>
	
	<insert id="insert" parameterType="cn.tw.domain.Student">
			
		insert into student
		(student_id,student_name,sex,class_id,student_password,class_name,status,bedroom_id,bedroom_name,student_no,grade,college_id,college_name)
		values
			(#{studentId,jdbcType=VARCHAR},#{studentName,jdbcType=VARCHAR},#{sex,jdbcType=VARCHAR},
			#{classId,jdbcType=VARCHAR},#{studentPassword,jdbcType=VARCHAR},#{className,jdbcType=VARCHAR},#{status,jdbcType=VARCHAR},
			#{bedroomId,jdbcType=VARCHAR},#{bedroomName,jdbcType=VARCHAR}, 
			#{studentNo,jdbcType=VARCHAR},#{grade,jdbcType=VARCHAR},#{collegeId,jdbcType=VARCHAR} ,
			#{collegeName,jdbcType=VARCHAR} 
		 )
	</insert>
	
	<update id="update" parameterType="cn.tw.domain.Student">
		 update student 
		 <set>
		 		<if test="studentName!=null">student_name=#{studentName,jdbcType=VARCHAR},</if>
		 		<if test="studentPassword!=null">student_password=#{studentPassword,jdbcType=VARCHAR},</if>
		 		<if test="sex!=null">sex=#{sex,jdbcType=VARCHAR},</if>
		 		<if test="classId!=null">class_id=#{classId,jdbcType=VARCHAR},</if>
		 		<if test="className!=null">class_name=#{className,jdbcType=VARCHAR},</if>
		 		<if test="status!=null">status=#{status,jdbcType=VARCHAR},</if>
		 		<if test="bedroomId!=null">bedroom_id=#{bedroomId,jdbcType=VARCHAR},</if>
		 		<if test="bedroomName!=null">bedroom_name=#{bedroomName,jdbcType=VARCHAR},</if>
		 		<if test="studentNo!=null">student_no=#{studentNo,jdbcType=VARCHAR},</if>
		 		<if test="collegeId!=null">college_id=#{collegeId,jdbcType=VARCHAR},</if>
		 		<if test="collegeName!=null">college_name=#{collegeName,jdbcType=VARCHAR},</if>
		 		<if test="grade!=null">grade=#{grade,jdbcType=VARCHAR}</if>
		 </set>
		 where    student_id=#{studentId,jdbcType=VARCHAR}
	</update>

	<delete id="deleteById" parameterType="string">
		delete from student
		where
		student_id=#{studentId}
	</delete>
	<delete id="delete" parameterType="string">
		delete from student
		where student_id in
		<foreach collection="array" item="id" open="(" close=")"
			separator=",">
			#{id}
		</foreach>
	</delete>


</mapper>
