<?xml version="1.0" encoding="UTF-8" ?>
<!DOCTYPE mapper
PUBLIC "-//mybatis.org//DTD Mapper 3.0//EN"
"http://mybatis.org/dtd/mybatis-3-mapper.dtd">

<mapper namespace="cn.tw.mapper.VisitorMapper">
	<resultMap type="cn.tw.domain.Visitor" id="visitorRM">
		<id property="visitorId" column="VISITOR_ID" />
		<result property="visitorName" column="VISITOR_NAME" />
		<result property="visitorSex" column="VISITOR_SEX" />
		<result property="visitorCall" column="VISITOR_CALL" />
		<result property="bedroomName" column="BEDROOM_NAME" />
		<result property="visitorDate" column="VISITOR_DATE" />
	</resultMap>

	<select id="find" parameterType="map" resultMap="visitorRM">
	
				
		select visitor_id,visitor_name,visitor_sex,visitor_call, reason , bedroom_name
		       , DATE_FORMAT(visitor_date,'YYYY-mm-dd hh24:MM:ss') as visitor_date
		from visitor
		where 1=1
		      <if test="arg1!=null"> and visitor_date >= (now() -#{arg1,jdbcType=VARCHAR})</if>
		       <if test="arg2!=null">and bedroom_name = #{arg2,jdbcType=VARCHAR}</if>
		         <if test="key!='%null%'">and reason like #{key,jdbcType=VARCHAR}</if>
		order by visitor_date desc
	</select>

	<select id="findPage" parameterType="cn.tw.pagination.Page" resultMap="visitorRM">
		 
						select *
						from visitor
						where 1=1
					      <if test="params.arg1!=null"> and visitor_date >= (now() -#{params.arg1,jdbcType=VARCHAR})</if>
					       <if test="params.arg2!=null">and bedroom_name = #{params.arg2,jdbcType=VARCHAR}</if>
					         <if test="params.key!='%null%'">and reason like #{params.key,jdbcType=VARCHAR}</if>
						order by visitor_date desc   
		                   
		               
	</select>	
	
	<select id="findResultSize" parameterType="cn.tw.pagination.Page" resultType="java.lang.String">
  		   SELECT max(@rownum)
           FROM visitor
           where 1=1
		      <if test="params.arg1!=null"> and visitor_date >= (now() -#{params.arg1,jdbcType=VARCHAR})</if>
		       <if test="params.arg2!=null">and bedroom_name = #{params.arg2,jdbcType=VARCHAR}</if>
		         <if test="params.key!='%null%'">and reason like #{params.key,jdbcType=VARCHAR}</if>
   
	</select>



	<select id="get" parameterType="string" resultMap="visitorRM">
		
		select visitor_id,visitor_name,visitor_sex,visitor_call, reason , bedroom_name
		       , DATE_FORMAT(visitor_date,'YYYY-mm-dd hh24:MM:ss') as visitor_date
		from visitor
		where 1=1
		      and visitor_id = #{visitorId,jdbcType=VARCHAR}
	</select>
	<insert id="insert" parameterType="cn.tw.domain.Visitor">
		insert into visitor
		(visitor_id,visitor_name,visitor_sex,visitor_call, reason , bedroom_name ,visitor_date)
		values
		(#{visitorId,jdbcType=VARCHAR},#{visitorName,jdbcType=VARCHAR},
		 #{visitorSex,jdbcType=VARCHAR},#{visitorCall,jdbcType=VARCHAR},
		 #{reason,jdbcType=VARCHAR},#{bedroomName,jdbcType=VARCHAR},now()
		)
	</insert>
	<update id="update" parameterType="cn.tw.domain.Visitor">
		update visitor
		<set>
			<if test="#{visitorName!=null}">visitor_name=#{visitorName,jdbcType=VARCHAR},</if>
			<if test="#{visitorCall!=null}">visitor_call=#{visitorCall,jdbcType=VARCHAR},</if>
			<if test="#{visitorSex!=null}">visitor_sex=#{visitorSex,jdbcType=VARCHAR},</if>
			<if test="#{reason!=null}">reason=#{reason,jdbcType=VARCHAR},</if>
			<if test="#{bedroomName!=null}">bedroom_name=#{bedroomName,jdbcType=VARCHAR}</if>
		</set>
		where visitor_id=#{visitorId,jdbcType=VARCHAR}
	</update>
	<delete id="deleteById" parameterType="string">
		delete from visitor
		where
		visitor_id=#{visitorId}
	</delete>
	<delete id="delete" parameterType="string">
		delete from visitor
		where visitor_id in
		<foreach collection="array" item="id" open="(" close=")"
			separator=",">
			#{id}
		</foreach>
	</delete>

</mapper>
